﻿oid,name,description,state,startDate,endDate,createDate,updateDate,createBy,updateBy,lockedBy,code,priority
EC2315053,Everyone,,V,,,2018-05-02 15:39:10.714+09:00,2018-05-02 15:39:10.714+09:00,2315965,2315965,,samples/ec01/EVERYONE,
EC2315054,Operator,オペレーター用のロール,V,,,2018-05-02 15:39:10.714+09:00,2018-05-02 15:39:10.714+09:00,2315965,2315965,,samples/ec01/Ope001Role,10
EC2315055,Manager,マネージャー用のロール,V,,,2018-05-02 15:39:10.729+09:00,2018-05-02 15:39:10.729+09:00,2315965,2315965,,samples/ec01/Mgr001Role,10
EC2315056,Worker,登録ユーザ用のロール,V,,,2018-05-02 15:39:10.729+09:00,2018-05-02 15:39:10.729+09:00,2315965,2315965,,samples/ec01/Pub001Role,
