﻿oid,name,description,state,startDate,endDate,createDate,updateDate,createBy,updateBy,lockedBy,category,saleStatus,productImg,price,priceWithoutTax,cost,regInfo,stockCnt,subInfo,recommend,abbreviation,language
EC011,Javaルールブック　~読みやすく効率的なコードの原則,"「Javaルールブック」の説明文です。<br/>
「Javaルールブック」の説明文です。<br/>
「Javaルールブック」の説明文です。<br/>
「Javaルールブック」の説明文です。<br/>
「Javaルールブック」の説明文です。<br/>",V,2018-02-15 00:00:00.000+09:00,2099-12-31 00:00:00.000+09:00,2018-06-07 11:09:57.846+09:00,2018-06-15 11:02:02.747+09:00,74561,74561,,EC011070270.0,2,"{""lobid"":""107802"",""name"":""wolf.png"",""type"":""image/png""}",2709,2580.0,2580,"単行本（ソフトカバー）: 248ページ
出版社: 技術評論社 (2011/2/15)
ISBN-10: 4774145475
ISBN-13: 978-4774145471
発売日： 2011/2/15
商品の寸法: 20.8 x 14.8 x 2.4 cm",100,"EC2315489.0,EC2315488.0",1,Javaルールブック,ja
EC0110,超図解 VB.NETルールブック (超図解シリーズ) [単行本],"「超図解 VB.NETルールブック」の説明文です。<br/>
「超図解 VB.NETルールブック」の説明文です。<br/>
「超図解 VB.NETルールブック」の説明文です。<br/>
「超図解 VB.NETルールブック」の説明文です。<br/>
「超図解 VB.NETルールブック」の説明文です。<br/>",V,2018-01-17 17:27:24.000+09:00,2099-12-31 00:00:00.000+09:00,2018-06-07 11:09:57.893+09:00,2018-06-15 11:01:56.302+09:00,74561,74561,,EC011070270.0,0,"{""lobid"":""107803"",""name"":""deer.png"",""type"":""image/png""}",525,500.0,320,"単行本: 235ページ
出版社: エクスメディア (2004/12)
ISBN-10: 487283416X
ISBN-13: 978-4872834161
発売日： 2004/12
商品の寸法: 21 x 14.8 x 2 cm",0,,,超図解 VB.NETルールブック,ja
EC0111,超図解 C#ルールブック (超図解シリーズ) [単行本],"「超図解 C#ルールブック」の説明文です。<br/>
「超図解 C#ルールブック」の説明文です。<br/>
「超図解 C#ルールブック」の説明文です。<br/>
「超図解 C#ルールブック」の説明文です。<br/>
「超図解 C#ルールブック」の説明文です。<br/>",V,2018-01-17 17:27:24.000+09:00,2099-12-31 00:00:00.000+09:00,2018-06-07 11:09:57.940+09:00,2018-06-15 11:01:50.220+09:00,74561,74561,,EC011070270.0,0,"{""lobid"":""107804"",""name"":""sheep.png"",""type"":""image/png""}",1050,1000.0,890,"単行本: 267ページ
出版社: エクスメディア (2004/12)
ISBN-10: 4872834151
ISBN-13: 978-4872834154
発売日： 2004/12
商品の寸法: 20.8 x 15 x 2 cm",0,,,超図解 C#ルールブック,ja
EC0112,誰も教えてくれなかったインターネット・システム構築の新常識,"「インターネット・システム構築」の説明文です。<br/>
「インターネット・システム構築」の説明文です。<br/>
「インターネット・システム構築」の説明文です。<br/>
「インターネット・システム構築」の説明文です。<br/>
「インターネット・システム構築」の説明文です。<br/>",V,2018-01-17 17:27:24.000+09:00,2099-12-31 00:00:00.000+09:00,2018-06-07 11:09:57.987+09:00,2018-06-15 11:01:43.852+09:00,74561,74561,,EC011070271.0,2,"{""lobid"":""107805"",""name"":""seal.png"",""type"":""image/png""}",1785,1700.0,1530,"単行本: 195ページ
出版社: 日経BP社 (2002/10)
ISBN-10: 4822223310
ISBN-13: 978-4822223311
発売日： 2002/10
商品の寸法: 21 x 14.6 x 2 cm",0,,1,インターネット・システム構築,ja
EC0113,続・誰も教えてくれなかったインターネット・セキュリティのしくみ,"「「誰も教えてくれなかったインターネット運用管理のしくみ」の説明文です。<br />」の説明文です。<br />
「「誰も教えてくれなかったインターネット運用管理のしくみ」の説明文です。<br />」の説明文です。<br />
「「誰も教えてくれなかったインターネット運用管理のしくみ」の説明文です。<br />」の説明文です。<br />
「「誰も教えてくれなかったインターネット運用管理のしくみ」の説明文です。<br />」の説明文です。<br />
「「誰も教えてくれなかったインターネット運用管理のしくみ」の説明文です。<br />」の説明文です。<br />",V,2018-01-17 17:27:24.000+09:00,2099-12-31 00:00:00.000+09:00,2018-06-07 11:09:58.033+09:00,2018-06-15 11:00:30.216+09:00,74561,74561,,EC011070271.0,2,"{""lobid"":""107806"",""name"":""raccondog.png"",""type"":""image/png""}",1785,1700.0,1500,"単行本: 261ページ
出版社: 日経BP社 (2001/05)
ISBN-10: 4822223140
ISBN-13: 978-4822223144
発売日： 2001/05
商品の寸法: 20.5 x 14.5 x 2 cm",0,,,続・インターネット・セキュリティ,ja
EC0114,誰も教えてくれなかったインターネット運用管理のしくみ,"「誰も教えてくれなかったインターネット運用管理のしくみ」の説明文です。<br />
「誰も教えてくれなかったインターネット運用管理のしくみ」の説明文です。<br />
「誰も教えてくれなかったインターネット運用管理のしくみ」の説明文です。<br />
「誰も教えてくれなかったインターネット運用管理のしくみ」の説明文です。<br />
「誰も教えてくれなかったインターネット運用管理のしくみ」の説明文です。<br />",V,2018-01-17 17:27:24.000+09:00,2099-12-31 00:00:00.000+09:00,2018-06-07 11:09:58.080+09:00,2018-06-15 11:00:04.131+09:00,74561,74561,,EC011070271.0,2,"{""lobid"":""107807"",""name"":""pig.png"",""type"":""image/png""}",1785,1700.0,1350,"単行本: 262ページ
出版社: 日経BP社 (2000/05)
ISBN-10: 4822223108
ISBN-13: 978-4822223106
発売日： 2000/05
商品の寸法: 21 x 14.8 x 1.6 cm",0,,1,インターネット運用管理,ja
EC012,IFRS導入ガイドブック―業務プロセスとシステムへの対応,"「IFRS導入ガイドブック―業務プロセスとシステムへの対応」の説明文です。<br />
「IFRS導入ガイドブック―業務プロセスとシステムへの対応」の説明文です。<br />
「IFRS導入ガイドブック―業務プロセスとシステムへの対応」の説明文です。<br />
「IFRS導入ガイドブック―業務プロセスとシステムへの対応」の説明文です。<br />
「IFRS導入ガイドブック―業務プロセスとシステムへの対応」の説明文です。<br />",V,2018-04-01 00:00:00.000+09:00,2099-12-31 00:00:00.000+09:00,2018-06-07 11:09:58.143+09:00,2018-06-15 10:59:29.773+09:00,74561,74561,,EC011070269.0,2,"{""lobid"":""107808"",""name"":""monkey.png"",""type"":""image/png""}",1470,1400.0,1350,"単行本: 283ページ 
出版社: 中央経済社 (2009/10) 
ISBN-10: 4502221007 
ISBN-13: 978-4502221002 
発売日： 2009/10 
商品の寸法: 21.2 x 14.8 x 2.2 cm ",13,EC2315489.0,1,IFRS導入ガイドブック,ja
EC013,Flexでさわっておぼえるリッチクライアント Flashベースの次世代Webアプリケーション,"「Flexでさわっておぼえるリッチクライアント Flashベースの次世代Webアプリケーション」の説明文です。<br />
「Flexでさわっておぼえるリッチクライアント Flashベースの次世代Webアプリケーション」の説明文です。<br />
「Flexでさわっておぼえるリッチクライアント Flashベースの次世代Webアプリケーション」の説明文です。<br />
「Flexでさわっておぼえるリッチクライアント Flashベースの次世代Webアプリケーション」の説明文です。<br />
「Flexでさわっておぼえるリッチクライアント Flashベースの次世代Webアプリケーション」の説明文です。<br />",V,2018-04-01 00:00:00.000+09:00,2099-12-31 00:00:00.000+09:00,2018-06-07 11:09:58.189+09:00,2018-06-15 10:58:51.198+09:00,74561,74561,,EC011070270.0,1,"{""lobid"":""107809"",""name"":""lion.png"",""type"":""image/png""}",2730,2600.0,2400,"大型本: 290ページ 
出版社: インプレス (2005/9/30) 
ISBN-10: 4844321706 
ISBN-13: 978-4844321705 
発売日： 2005/9/30 
商品の寸法: 23 x 18.2 x 2.4 cm ",300,EC2315489.0,1,Flex次世代Webアプリケーション,ja
EC014,Seasar入門 はじめてのDI&AOP,"「Seasar入門 はじめてのDI&AOP」の説明文です。<br />
「Seasar入門 はじめてのDI&AOP」の説明文です。<br />
「Seasar入門 はじめてのDI&AOP」の説明文です。<br />
「Seasar入門 はじめてのDI&AOP」の説明文です。<br />
「Seasar入門 はじめてのDI&AOP」の説明文です。<br />",V,2018-04-01 00:00:00.000+09:00,2099-12-31 00:00:00.000+09:00,2018-06-07 11:09:58.236+09:00,2018-06-15 10:58:25.301+09:00,74561,74561,,EC011070272.0,2,"{""lobid"":""107810"",""name"":""hawk.png"",""type"":""image/png""}",1258,1198.095238095238,1105,"大型本: 448ページ 
出版社: ソフトバンククリエイティブ (2006/2/25) 
ISBN-10: 4797331968 
ISBN-13: 978-4797331967 
発売日： 2006/2/25 
商品の寸法: 23 x 18.4 x 3 cm ",17,,1,Seasar入門,ja
EC015,Seasar2によるスーパーアジャイルなWeb開発 (WEB+DB PRESS plusシリーズ),"「Seasar2によるスーパーアジャイルなWeb開発 (WEB+DB PRESS plusシリーズ)」の説明文です。<br />
「Seasar2によるスーパーアジャイルなWeb開発 (WEB+DB PRESS plusシリーズ)」の説明文です。<br />
「Seasar2によるスーパーアジャイルなWeb開発 (WEB+DB PRESS plusシリーズ)」の説明文です。<br />
「Seasar2によるスーパーアジャイルなWeb開発 (WEB+DB PRESS plusシリーズ)」の説明文です。<br />
「Seasar2によるスーパーアジャイルなWeb開発 (WEB+DB PRESS plusシリーズ)」の説明文です。<br />",V,2018-04-01 00:00:00.000+09:00,2099-12-31 00:00:00.000+09:00,2018-06-07 11:09:58.283+09:00,2018-06-15 10:57:56.245+09:00,74561,74561,,EC011070272.0,2,"{""lobid"":""107811"",""name"":""fox.png"",""type"":""image/png""}",2050,1952.3809523809523,1800,"大型本: 216ページ 
出版社: 技術評論社 (2008/3/25) 
言語 日本語 
ISBN-10: 4774134368 
ISBN-13: 978-4774134369 
発売日： 2008/3/25 
商品の寸法: 23 x 18.2 x 2.4 cm ",370,,1,Seasar2 Web開発,ja
EC016,情報流出,"「情報流出」の説明文です。<br />
「情報流出」の説明文です。<br />
「情報流出」の説明文です。<br />
「情報流出」の説明文です。<br />
「情報流出」の説明文です。<br />",V,2018-01-17 17:27:24.000+09:00,2099-12-31 00:00:00.000+09:00,2018-06-07 11:09:58.330+09:00,2018-06-15 10:57:33.370+09:00,74561,74561,,EC011070269.0,,"{""lobid"":""107812"",""name"":""dog.png"",""type"":""image/png""}",1050,1000.0,830,"アスキービジネス編集部 編	
定価：1,050円 (本体1,000円)	
発売日：2006年7月18日	
形態：四六 (144ページ)	
ISBN：4-7561-4781-X (978-4-7561-4781-3)",0,,1,情報流出,ja
EC017,ＳｔｒｕｔｓによるＷｅｂアプリケーションスーパーサンプル,"「ＳｔｒｕｔｓによるＷｅｂアプリケーションスーパーサンプル」の説明文です。<br/>
「ＳｔｒｕｔｓによるＷｅｂアプリケーションスーパーサンプル」の説明文です。<br/>
「ＳｔｒｕｔｓによるＷｅｂアプリケーションスーパーサンプル」の説明文です。<br/>
「ＳｔｒｕｔｓによるＷｅｂアプリケーションスーパーサンプル」の説明文です。<br/>
「ＳｔｒｕｔｓによるＷｅｂアプリケーションスーパーサンプル」の説明文です。<br/>",V,2018-01-17 17:27:24.000+09:00,2099-12-31 00:00:00.000+09:00,2018-06-07 11:09:58.377+09:00,2018-06-15 10:56:56.485+09:00,74561,74561,,EC011070270.0,2,"{""lobid"":""107813"",""name"":""cat.png"",""type"":""image/png""}",3360,3200.0,2900,"高安厚志、西川麗 著 
ISBN：4-7973-2996-3
サイズ：Ｂ５変／１色
付属・付録：CD-ROM(1)
ページ数：472
価格：3360円 (税込)
出版日：2005/02/09",0,,1,Strutsスーパーサンプル,ja
EC018,サーブレット／ＪＳＰ プログラミングテクニック 改訂版,"「Servlet/JSP テクニック」の説明文です。<br />
「Servlet/JSP テクニック」の説明文です。<br />
「Servlet/JSP テクニック」の説明文です。<br />
「Servlet/JSP テクニック」の説明文です。<br />
「Servlet/JSP テクニック」の説明文です。<br />",V,2018-01-17 17:27:24.000+09:00,2099-12-31 00:00:00.000+09:00,2018-06-07 11:09:58.423+09:00,2018-06-15 10:55:59.777+09:00,74561,74561,,EC011070270.0,2,"{""lobid"":""107814"",""name"":""bull.png"",""type"":""image/png""}",4410,4200.0,3920,"今野睦/高安厚思/戸田和宏/西川麗/藤村浩士 著 
三島俊司 監修 
ISBN：4-7973-2412-0
サイズ：Ｂ５変／１色
ページ数：790
価格：4410円 (税込)
出版日：2003/09/30",0,,,Servlet/JSP テクニック,ja
EC019,超図解 Javaルールブック (超図解シリーズ) [単行本],"「超図解 Javaルールブック」の説明文です。<br />
「超図解 Javaルールブック」の説明文です。<br />
「超図解 Javaルールブック」の説明文です。<br />
「超図解 Javaルールブック」の説明文です。<br />
「超図解 Javaルールブック」の説明文です。<br />",V,2018-01-17 17:27:24.000+09:00,2099-12-31 00:00:00.000+09:00,2018-06-07 11:09:58.470+09:00,2018-06-15 11:00:52.870+09:00,74561,74561,,EC011070270.0,0,"{""lobid"":""107817"",""name"":""bear.png"",""type"":""image/png""}",2300,2190.4761904761904,1890,"単行本: 225ページ
出版社: エクスメディア (2004/04)
ISBN-10: 4872833449
ISBN-13: 978-4872833447
発売日： 2004/04
商品の寸法: 21 x 15 x 2 cm",0,,,超図解 Javaルールブック,ja
EC2315429,Java Rule book,"This is test description. <br />
This is test description. <br />
This is test description. <br />
This is test description. <br />
This is test description. <br />",V,,,2018-06-07 11:09:58.548+09:00,2018-06-15 11:04:16.283+09:00,74561,74561,,EC011070270.0,0,"{""lobid"":""107818"",""name"":""leaf.png"",""type"":""image/png""}",2300,2190.4761904761904,2010,"Book: 225 pages
Publisher: エクスメディア (2004/04)
ISBN-10: 4872833449
ISBN-13: 978-4872833447
Date of publication： 2004/04
Size: 21 x 15 x 2 cm",0,"EC2316027.0,EC2316026.0",1,Java Rule book,en
EC2315430,Servlet／ＪＳＰ Programing,"This is test description. <br />
This is test description. <br />
This is test description. <br />
This is test description. <br />
This is test description. <br />",V,,,2018-06-07 11:09:58.595+09:00,2018-06-15 11:04:11.096+09:00,74561,74561,,EC011070270.0,2,"{""lobid"":""107819"",""name"":""woman.png"",""type"":""image/png""}",4410,4200.0,3100,"Page: 225 pages
Publisher: エクスメディア (2004/04)
ISBN-10: 4872833449
ISBN-13: 978-4872833447
Date of publication： 2004/04
Size: 21 x 15 x 2 cm",0,,1,Servlet/JSP technology,en
EC2315431,Super sample of Struts,"This is test description. <br />
This is test description. <br />
This is test description. <br />
This is test description. <br />
This is test description. <br />
This is test description.<br/>",V,,,2018-06-07 11:09:58.642+09:00,2018-06-15 11:03:37.843+09:00,74561,74561,,EC011070270.0,2,"{""lobid"":""107820"",""name"":""temple.png"",""type"":""image/png""}",3360,3200.0,2930,"Book: xxxx pages
Publisher: XXXXXXX (2001/05)
ISBN-10: xxxxxx
ISBN-13: xxxxxxxxx
Date of publication： 2001/05
Size: 20.5 x 14.5 x 2 cm",0,,1,Super sample of Struts,en
EC2315432,Information leak,"This is test description. <br />
This is test description. <br />
This is test description. <br />
This is test description. <br />
This is test description. <br />",V,,,2018-06-07 11:09:58.689+09:00,2018-06-15 11:03:32.369+09:00,74561,74561,,EC011070269.0,,"{""lobid"":""107821"",""name"":""sakura.png"",""type"":""image/png""}",1050,1000.0,780,"Book: xxxxx pages
Publisher: xxxxxxxxx
ISBN-10: xxxxxxxx
ISBN-13: xxxxxxxx
Date of publication： xxxx/xx
Size: 20.5 x 14.5 x 2 cm",0,,1,Information leak,en
EC2315433,Super agile development by Seasar2,"This is test description. <br />
This is test description. <br />
This is test description. <br />
This is test description. <br />
This is test description. <br />
This is test description. <br />
This is test description. <br />",V,,,2018-06-07 11:09:58.735+09:00,2018-06-15 11:03:26.667+09:00,74561,74561,,EC011070272.0,2,"{""lobid"":""107822"",""name"":""ninja.png"",""type"":""image/png""}",2050,1952.3809523809523,1920,"Book: 216 pages
Publisher: 技術評論社 (2008/3/25) 
Language: English
ISBN-10: 4774134368 
ISBN-13: 978-4774134369 
Date of publication： 2008/3/25 
Size: 23 x 18.2 x 2.4 cm ",370,,1,Super agile development by Seasar2,en
EC2315434,Introduction to Seasar. novice to ID & AOP,"This is test description. <br />
This is test description. <br />
This is test description. <br />
This is test description. <br />
This is test description. <br />",V,,,2018-06-07 11:09:58.782+09:00,2018-06-15 11:03:15.625+09:00,74561,74561,,EC011070272.0,2,"{""lobid"":""107823"",""name"":""magnet.png"",""type"":""image/png""}",1258,1198.095238095238,1100,"Book: 448 pages
Publisher: ソフトバンククリエイティブ (2006/2/25) 
ISBN-10: 4797331968 
ISBN-13: 978-4797331967 
Date of publication： 2006/2/25 
Size: 23 x 18.4 x 3 cm ",17,,1,Introduction to Seasar. novice to ID & AOP,en
EC2315435,Rich client development by Flex,"This is test description. <br />
This is test description. <br />
This is test description. <br />
This is test description. <br />
This is test description. <br />",V,,,2018-06-07 11:09:58.829+09:00,2018-06-15 11:03:07.776+09:00,74561,74561,,EC011070270.0,1,"{""lobid"":""107824"",""name"":""hammer.png"",""type"":""image/png""}",2730,2600.0,2300,"Book: 290 pages
Publisher: インプレス (2005/9/30) 
ISBN-10: 4844321706 
ISBN-13: 978-4844321705 
Date of publication： 2005/9/30 
Size: 23 x 18.2 x 2.4 cm ",300,,1,Rich client development by Flex,en
EC2315436,The guid book of introduct IFRS,"This is test description. <br />
This is test description. <br />
This is test description. <br />
This is test description. <br />
This is test description. <br />",V,,,2018-06-07 11:09:58.876+09:00,2018-06-15 11:03:01.956+09:00,74561,74561,,EC011070269.0,2,"{""lobid"":""107825"",""name"":""driver.png"",""type"":""image/png""}",1470,1400.0,1290,"Book: 283 pages
Publisher: 中央経済社 (2009/10) 
ISBN-10: 4502221007 
ISBN-13: 978-4502221002 
Date of publication： 2009/10 
Size: 21.2 x 14.8 x 2.2 cm ",13,,1,The guid book of introduct IFRS,en
EC2315437,The operation mechanism of  Internet,"This is test description.<br />
This is test description.<br />
This is test description.<br />
This is test description.<br />
This is test description.<br />",V,,,2018-06-07 11:09:58.954+09:00,2018-06-15 11:02:28.495+09:00,74561,74561,,EC011070271.0,2,"{""lobid"":""107826"",""name"":""doctor.png"",""type"":""image/png""}",1785,1700.0,1600,"Book: 262 pages
Publisher: 日経BP社 (2000/05)
ISBN-10: 4822223108
ISBN-13: 978-4822223106
Date of publication： 2000/05
Size: 21 x 14.8 x 1.6 cm",0,,1,The operation mechanism of  Internet,en
EC2315438,The mechanism of Internet security II,"This is test description. <br />
This is test description. <br />
This is test description. <br />
This is test description. <br />
This is test description. <br />",V,,,2018-06-07 11:09:59.016+09:00,2018-06-15 11:02:19.712+09:00,74561,74561,,EC011070271.0,2,"{""lobid"":""107827"",""name"":""alien.png"",""type"":""image/png""}",1785,1700.0,1600,"Book: 261 pages
Publisher: 日経BP社 (2001/05)
ISBN-10: 4822223140
ISBN-13: 978-4822223144
Date of publication： 2001/05
Size: 20.5 x 14.5 x 2 cm",0,,1,The mechanism of Internet security II,en
