﻿oid,name,description,state,startDate,endDate,createDate,updateDate,createBy,updateBy,lockedBy,inquiryNo,familyName,firstName,familyNameKana,firstNameKana,mail,content,kind,inquiryStatus
EC011,in-201810-21,,V,,,2018-05-02 15:39:13.381+09:00,2018-05-02 15:39:13.381+09:00,2315965,2315965,,in-201810-21,西岡,太郎,ニシコカ,タロウ,dummy@ec01.noserver.dentsusoken.com,配送方法について,1,4
EC011073288,in-201810-0,,V,,,2018-05-02 15:39:13.397+09:00,2018-05-02 15:39:13.397+09:00,2315965,2315965,,in-201810-0,テスト,太郎,テスト,タロウ,dummy@ec01.noserver.dentsusoken.com,内容,1,1
EC011073290,in-201810-1,,V,,,2018-05-02 15:39:13.397+09:00,2018-05-02 15:39:13.397+09:00,2315965,2315965,,in-201810-1,テスト,太郎,テスト,タロウ,dummy@ec01.noserver.dentsusoken.com,内容,3,2
EC011073291,in-201810-2,,V,,,2018-05-02 15:39:13.413+09:00,2018-05-02 15:39:13.413+09:00,2315965,2315965,,in-201810-2,テスト,太郎,テスト,タロウ,dummy@ec01.noserver.dentsusoken.com,内容,4,2
EC011073292,in-201810-3,,V,,,2018-05-02 15:39:13.413+09:00,2018-05-02 15:39:13.413+09:00,2315965,2315965,,in-201810-3,テスト,太郎,テスト,タロウ,dummy@ec01.noserver.dentsusoken.com,内容,2,3
EC011073293,in-201810-4,,V,,,2018-05-02 15:39:13.428+09:00,2018-05-02 15:39:13.428+09:00,2315965,2315965,,in-201810-4,テスト,太郎,テスト,タロウ,dummy@ec01.noserver.dentsusoken.com,内容,1,3
EC011073294,in-201810-5,,V,,,2018-05-02 15:39:13.428+09:00,2018-05-02 15:39:13.428+09:00,2315965,2315965,,in-201810-5,テスト,太郎,テスト,タロウ,dummy@ec01.noserver.dentsusoken.com,内容,9,1
EC011073333,in-201810-6,,V,,,2018-05-02 15:39:13.444+09:00,2018-05-02 15:39:13.444+09:00,2315965,2315965,,in-201810-6,テスト,太郎,テスト,タロウ,dummy@ec01.noserver.dentsusoken.com,内容,2,1
EC011073334,in-201810-7,,V,,,2018-05-02 15:39:13.444+09:00,2018-05-02 15:39:13.444+09:00,2315965,2315965,,in-201810-7,テスト,太郎,テスト,タロウ,dummy@ec01.noserver.dentsusoken.com,内容,1,4
EC011073335,in-201810-8,,V,,,2018-05-02 15:39:13.459+09:00,2018-05-02 15:39:13.459+09:00,2315965,2315965,,in-201810-8,テスト,太郎,テスト,タロウ,dummy@ec01.noserver.dentsusoken.com,内容,4,3
EC011073336,in-201810-9,,V,,,2018-05-02 15:39:13.459+09:00,2018-05-02 15:39:13.459+09:00,2315965,2315965,,in-201810-9,テスト,太郎,テスト,タロウ,dummy@ec01.noserver.dentsusoken.com,内容,1,3
EC011073337,in-201810-10,,V,,,2018-05-02 15:39:13.475+09:00,2018-05-02 15:39:13.475+09:00,2315965,2315965,,in-201810-10,テスト,太郎,テスト,タロウ,dummy@ec01.noserver.dentsusoken.com,内容,2,1
EC011073350,in-201810-11,,V,,,2018-05-02 15:39:13.475+09:00,2018-05-02 15:39:13.475+09:00,2315965,2315965,,in-201810-11,テスト,太郎,テスト,タロウ,dummy@ec01.noserver.dentsusoken.com,内容,4,2
EC011073351,in-201810-12,,V,,,2018-05-02 15:39:13.491+09:00,2018-05-02 15:39:13.491+09:00,2315965,2315965,,in-201810-12,テスト,太郎,テスト,タロウ,dummy@ec01.noserver.dentsusoken.com,内容,3,2
EC011073352,in-201810-13,,V,,,2018-05-02 15:39:13.491+09:00,2018-05-02 15:39:13.491+09:00,2315965,2315965,,in-201810-13,テスト,太郎,テスト,タロウ,dummy@ec01.noserver.dentsusoken.com,内容,2,3
EC011073353,in-201810-14,,V,,,2018-05-02 15:39:13.506+09:00,2018-05-02 15:39:13.506+09:00,2315965,2315965,,in-201810-14,テスト,太郎,テスト,タロウ,dummy@ec01.noserver.dentsusoken.com,内容,9,2
EC011073354,in-201810-15,,V,,,2018-05-02 15:39:13.522+09:00,2018-05-02 15:39:13.522+09:00,2315965,2315965,,in-201810-15,テスト,太郎,テスト,タロウ,dummy@ec01.noserver.dentsusoken.com,内容,9,4
EC011073357,in-201810-16,,V,,,2018-05-02 15:39:13.522+09:00,2018-05-02 15:39:13.522+09:00,2315965,2315965,,in-201810-16,テスト,太郎,テスト,タロウ,dummy@ec01.noserver.dentsusoken.com,内容,2,2
EC011073358,in-201810-17,,V,,,2018-05-02 15:39:13.537+09:00,2018-05-02 15:39:13.537+09:00,2315965,2315965,,in-201810-17,テスト,太郎,テスト,タロウ,dummy@ec01.noserver.dentsusoken.com,内容,1,2
EC011073367,in-201810-18,,V,,,2018-05-02 15:39:13.537+09:00,2018-05-02 15:39:13.537+09:00,2315965,2315965,,in-201810-18,テスト,太郎,テスト,タロウ,dummy@ec01.noserver.dentsusoken.com,内容,9,2
EC011073423,in-201804-0,,V,,,2018-05-02 15:39:13.553+09:00,2018-05-02 15:39:13.553+09:00,2315965,2315965,,in-201804-0,テスト,太郎,テスト,タロウ,dummy@ec01.noserver.dentsusoken.com,内容,,1
EC011073454,in-201804-1,,V,,,2018-05-02 15:39:13.553+09:00,2018-05-02 15:39:13.553+09:00,2315965,2315965,,in-201804-1,あいうえお,太郎,アイウエオ,タロウ,dummy@ec01.noserver.dentsusoken.com,あうあうあー,,4
EC011074359,in-201804-2,,V,,,2018-05-02 15:39:13.569+09:00,2018-05-02 15:39:13.569+09:00,2315965,2315965,,in-201804-2,長岡,太郎,ナガオカ,タロウ,dummy@ec01.noserver.dentsusoken.com,電話サポートないですか？,9,1
EC011074367,in-201804-3,,V,,,2018-05-02 15:39:13.569+09:00,2018-05-02 15:39:13.569+09:00,2315965,2315965,,in-201804-3,湯浅,太郎,ユアサ,タロウ,dummy@ec01.noserver.dentsusoken.com,商品に傷がついてた。,4,4
EC011074680,in-201804-4,,V,,,2018-05-02 15:39:13.584+09:00,2018-05-02 15:39:13.584+09:00,2315965,2315965,,in-201804-4,安藤,太郎,アンドウ,タロウ,dummy@ec01.noserver.dentsusoken.com,2重注文してないですか？,1,1
EC011074685,in-201804-5,,V,,,2018-05-02 15:39:13.584+09:00,2018-05-02 15:39:13.584+09:00,2315965,2315965,,in-201804-5,岡野,太郎,オカノ,タロウ,dummy@ec01.noserver.dentsusoken.com,送料無料がいい。,9,1
EC011075113,in-201804-6,,V,,,2018-05-02 15:39:13.600+09:00,2018-05-02 15:39:13.600+09:00,2315965,2315965,,in-201804-6,武藤,太郎,タケトウ,タロウ,dummy@ec01.noserver.dentsusoken.com,取り寄せしてほしい。,9,1
EC011075119,in-201804-7,,V,,,2018-05-02 15:39:13.600+09:00,2018-05-02 15:39:13.600+09:00,2315965,2315965,,in-201804-7,西山,太郎,ニシヤマ,タロウ,dummy@ec01.noserver.dentsusoken.com,注文の仕方がわからない。,2,1
EC011075125,in-201804-8,,V,,,2018-05-02 15:39:13.615+09:00,2018-05-02 15:39:13.615+09:00,2315965,2315965,,in-201804-8,北野,太郎,キタノ,タロウ,dummy@ec01.noserver.dentsusoken.com,欲しい本がない,3,3
EC011075134,in-201804-9,,V,,,2018-05-02 15:39:13.615+09:00,2018-05-02 15:39:13.615+09:00,2315965,2315965,,in-201804-9,堀川,太郎,ホリカワ,タロウ,dummy@ec01.noserver.dentsusoken.com,javaについて,9,1
EC012,in-201810-40,,V,,,2018-05-02 15:39:13.631+09:00,2018-05-02 15:39:13.631+09:00,2315965,2315965,,in-201810-40,宮川,太郎,ミヤカワ,タロウ,dummy@ec01.noserver.dentsusoken.com,Seasar2について,9,4
EC013,in-201810-41,,V,,,2018-05-02 15:39:13.631+09:00,2018-05-02 15:39:13.631+09:00,2315965,2315965,,in-201810-41,荒木,太郎,アラキ,タロウ,dummy@ec01.noserver.dentsusoken.com,seasar2,9,4
EC014,in-201810-60,,V,,,2018-05-02 15:39:13.647+09:00,2018-05-02 15:39:13.647+09:00,2315965,2315965,,in-201810-60,渡部,太郎,ワタナベ,タロウ,dummy@ec01.noserver.dentsusoken.com,発送が遅い。,4,3
