﻿oid,name,description,state,startDate,endDate,createDate,updateDate,createBy,updateBy,lockedBy,expression,role
EC2315069,EC01(EVERYONECond),,V,,,2018-05-02 15:39:10.963+09:00,2018-05-02 15:39:10.963+09:00,2315965,2315965,,true,EC2315053.0
EC2315070,EC01(Operator001Cond),,V,,,2018-05-02 15:39:10.963+09:00,2018-05-02 15:39:10.963+09:00,2315965,2315965,,"user.memberOf(""samples/ec01/Ope001Group"")",EC2315054.0
EC2315071,EC01(Manager001Cond),,V,,,2018-05-02 15:39:10.979+09:00,2018-05-02 15:39:10.979+09:00,2315965,2315965,,"user.memberOf(""samples/ec01/Mgr001Group"")",EC2315055.0
EC2315072,EC01(Public001Cond),,V,,,2018-05-02 15:39:10.979+09:00,2018-05-02 15:39:10.979+09:00,2315965,2315965,,"user.memberOf(""samples/ec01/Pub001Group"")",EC2315056.0
